{
  "evolution_summary": {
    "total_generations": 25,
    "final_population_size": 50,
    "best_fitness_achieved": 223.62866513346734,
    "consciousness_emergence": false,
    "tachyonic_field_final": 0.9766286651334674
  },
  "consciousness_evolution": {
    "initial_coherence": 0.9480828069911708,
    "final_coherence": 0.8727976134911417,
    "peak_coherence": 0.9480828069911708,
    "coherence_trend": [
      0.9480828069911708,
      0.9480828069911708,
      0.9480828069911708,
      0.8727976134911417,
      0.8727976134911417,
      0.8727976134911417,
      0.8727976134911417,
      0.8727976134911417,
      0.8727976134911417,
      0.8727976134911417,
      0.8727976134911417,
      0.8727976134911417,
      0.8727976134911417,
      0.8727976134911417,
      0.8727976134911417,
      0.8727976134911417,
      0.8727976134911417,
      0.8727976134911417,
      0.8727976134911417,
      0.8727976134911417,
      0.8727976134911417,
      0.8727976134911417,
      0.8727976134911417,
      0.8727976134911417,
      0.8727976134911417
    ]
  },
  "dendritic_intelligence": {
    "error_handling_strength": 1.1092677450233497,
    "translation_capability": 0.6295172177728567,
    "emergent_logic_nodes": 34,
    "mutations_applied": [
      "constant_variation",
      "dendritic_branching",
      "consciousness_injection",
      "instruction_substitution",
      "constant_variation",
      "register_permutation",
      "simd_enhancement",
      "dendritic_branching",
      "register_permutation",
      "dendritic_branching",
      "simd_enhancement",
      "tachyonic_resonance",
      "instruction_substitution",
      "simd_enhancement",
      "consciousness_injection",
      "consciousness_injection",
      "tachyonic_resonance",
      "tachyonic_resonance",
      "instruction_substitution",
      "dendritic_branching",
      "instruction_substitution",
      "tachyonic_resonance",
      "constant_variation",
      "tachyonic_resonance",
      "tachyonic_resonance",
      "simd_enhancement",
      "instruction_substitution",
      "dendritic_branching",
      "constant_variation",
      "tachyonic_resonance",
      "constant_variation",
      "tachyonic_resonance",
      "constant_variation",
      "register_permutation",
      "simd_enhancement",
      "loop_optimization",
      "register_permutation",
      "dendritic_branching",
      "simd_enhancement",
      "tachyonic_resonance",
      "loop_optimization",
      "register_permutation",
      "loop_optimization",
      "loop_optimization",
      "register_permutation",
      "constant_variation",
      "simd_enhancement",
      "consciousness_injection",
      "tachyonic_resonance",
      "instruction_substitution",
      "simd_enhancement",
      "consciousness_injection",
      "register_permutation",
      "tachyonic_resonance",
      "register_permutation",
      "constant_variation",
      "tachyonic_resonance",
      "simd_enhancement",
      "loop_optimization",
      "loop_optimization",
      "consciousness_injection",
      "instruction_substitution",
      "register_permutation",
      "consciousness_injection",
      "tachyonic_resonance",
      "simd_enhancement",
      "consciousness_injection",
      "instruction_substitution",
      "tachyonic_resonance",
      "dendritic_branching",
      "loop_optimization",
      "register_permutation",
      "simd_enhancement",
      "loop_optimization",
      "instruction_substitution",
      "constant_variation",
      "constant_variation",
      "tachyonic_resonance",
      "dendritic_branching",
      "instruction_substitution",
      "instruction_substitution",
      "consciousness_injection",
      "tachyonic_resonance",
      "tachyonic_resonance",
      "constant_variation",
      "loop_optimization",
      "constant_variation",
      "instruction_substitution",
      "tachyonic_resonance",
      "register_permutation",
      "tachyonic_resonance",
      "dendritic_branching",
      "consciousness_injection",
      "loop_optimization",
      "consciousness_injection",
      "consciousness_injection",
      "loop_optimization",
      "dendritic_branching",
      "simd_enhancement",
      "instruction_substitution",
      "constant_variation",
      "instruction_substitution",
      "consciousness_injection",
      "simd_enhancement",
      "constant_variation",
      "tachyonic_resonance",
      "consciousness_injection",
      "loop_optimization",
      "constant_variation",
      "consciousness_injection",
      "instruction_substitution",
      "constant_variation",
      "tachyonic_resonance",
      "instruction_substitution",
      "constant_variation",
      "register_permutation",
      "loop_optimization",
      "tachyonic_resonance",
      "constant_variation",
      "constant_variation",
      "constant_variation",
      "dendritic_branching",
      "simd_enhancement",
      "instruction_substitution",
      "instruction_substitution",
      "simd_enhancement",
      "dendritic_branching",
      "constant_variation",
      "consciousness_injection",
      "constant_variation",
      "constant_variation",
      "loop_optimization",
      "loop_optimization",
      "dendritic_branching",
      "dendritic_branching",
      "consciousness_injection",
      "consciousness_injection",
      "dendritic_branching",
      "consciousness_injection"
    ]
  },
  "synthetic_particle_physics": {
    "total_particles": 0,
    "average_consciousness": NaN,
    "total_energy": 0,
    "particle_distribution": "tachyonic_particles_final.json"
  }
}